{"cameraMode":{"drawMode":0,"name":"Shaded","section":"Shading Mode"},"sceneLighting":true,"audioPlay":false,"sceneViewState":{"m_AlwaysRefresh":false,"showFog":true,"showSkybox":true,"showFlares":true,"showImageEffects":true,"showParticleSystems":true,"showVisualEffectGraphs":true,"m_FxEnabled":true},"in2DMode":false,"pivot":{"x":1.5387401580810547,"y":0.697091817855835,"z":0.19681954383850099},"rotation":{"x":0.009408416226506234,"y":0.7913436889648438,"z":-0.011700879782438279,"w":0.6113370060920715},"size":5.792446136474609,"orthographic":false}