Artificial IP Database File,ASL,Linear_ASL,bit_ASL,group_ASL,MSL,Linear_MSL,bit_MSL,group_MSL
AIP4,0,1.5,2.5,0.25,0,3,3,1
AIP8,0.333333333,3.5,2.5,0.25,1,7,3,1
AIP16,0.3125,7.5,2.4,0.375,2,15,5,2
AIP32,0.533333333,15.5,2.40625,0.375,3,31,5,2
AIP64,0.142857143,31.5,2.403225806,0.546875,1,63,7,3
AIP128,0.322834646,63.5,2.452380952,0.4375,3,127,7,3
AIP256,0.24609375,127.5,2.541176471,0.48046875,3,255,9,5
