File,ASL,Linear_ASL,bit_ASL,group_ASL,MSL,Linear_MSL,bit_MSL,group_MSL
IP4,0,1.5,1,0.75,0,3,1,2
IP8,1.625,3.5,2.5,0.375,4,7,5,2
IP16,0.466666667,7.5,1.642857143,0.625,2,15,3,3
IP32,0.8125,15.5,2.1,0.8125,3,31,5,3
IP64,0.546875,31.5,2.333333333,1.171875,4,63,5,5
IP128,0.507936508,63.5,2.416,1.578125,5,127,9,8
IP256,1.90234375,127.5,2.345238095,2.49609375,9,255,11,12
