File,ASL,Linear_ASL,bit_ASL,group_ASL,MSL,Linear_MSL,bit_MSL,group_MSL
IP4,0,1.5,1,0.75,0,3,1,2
IP8,2,3.5,1,0.375,4,7,1,2
IP16,0.428571429,7.5,1.857142857,0.625,2,15,3,3
IP32,0.793103448,15.5,1.9,0.8125,4,31,5,3
IP64,0.491803279,31.5,2.142857143,1.171875,3,63,5,5
IP128,0.5234375,63.5,2.6640625,1.578125,4,127,9,8
IP256,1.90234375,127.5,2.405511811,2.49609375,8,255,9,12
